help_id,attempt_id,question_asked,timestamp,type
1,10,Individual man reach each budget.,2025-10-16T02:18:23,explain
2,26,Manage wife out gun lose job election rather window stand health run adult.,2025-12-23T04:56:31,example
3,27,Clear around floor there career clear evening information.,2025-12-23T05:33:13,example
4,31,Any factor police baby create physical share out cold follow first suddenly son.,2026-04-29T23:32:50,hint
5,33,Rate read benefit oil statement actually million health machine future.,2026-04-29T23:37:20,hint
6,42,Bill choice determine could today party story moment mother necessary.,2025-12-29T07:58:48,example
7,43,Individual trouble bring capital admit give reality catch kind would.,2025-12-29T07:45:23,example
8,48,Shake garden report agreement sport develop task central dinner by candidate bad.,2025-04-19T11:08:34,hint
9,66,Back simple serious amount blue soldier message.,2026-04-10T17:29:35,explain
10,76,Light training analysis feeling act benefit.,2026-02-09T18:36:43,example
11,77,Turn day top continue goal before suffer walk we.,2026-01-31T19:43:29,explain
12,80,Goal talk sit party measure attention standard shake.,2026-05-30T05:50:57,explain
13,88,Describe course example top Mr wind better degree mean remain hand operation keep whatever Congress.,2025-05-10T07:48:10,example
14,90,Wonder interest method imagine seven fire letter mind many guess explain reveal.,2026-02-27T17:57:25,example
15,104,Foreign break exist outside find wish.,2026-03-22T14:43:07,explain
16,106,Difficult imagine world into task thus sort voice happen actually purpose public.,2026-03-22T14:58:57,hint
17,110,Just probably be century husband opportunity big understand within ask window full organization wrong but.,2025-08-21T04:46:41,hint
18,116,Rise everything require old event smile popular hundred live owner.,2025-12-26T21:35:13,hint
19,126,Would memory challenge lawyer business majority discuss wall ahead.,2025-09-20T07:34:50,example
20,127,Store marriage ago condition painting force.,2025-09-20T07:24:51,explain
21,129,Perform benefit baby seem should society dark product make.,2025-09-20T07:35:19,example
22,134,My special music adult shake wrong they budget late table.,2025-08-08T06:08:12,example
23,138,Least allow news team field relationship man care resource.,2025-05-30T12:34:06,explain
24,140,Shake notice make network much like no choose argue.,2025-05-30T12:38:10,explain
25,149,Manager wife pay good within fly agreement and student give score agree.,2025-01-09T12:42:42,explain
26,153,Game best generation group goal product easy possible or travel assume figure front after for leave tell nothing.,2025-01-25T17:25:37,explain
27,163,Entire receive onto worry help hope occur space beyond push.,2025-01-31T01:46:47,explain
28,169,Market specific property coach federal wide cut player wind away sure degree enter father.,2025-12-08T01:51:12,example
29,170,I difficult sea begin such behind front attack song little decide somebody prepare few sound.,2025-12-08T01:46:21,hint
30,173,Professional finish increase economy middle public natural thing physical might cost material produce.,2025-01-18T07:02:38,hint
31,174,Environmental point speak table trade various risk.,2025-11-09T07:57:38,example
32,182,Mission hair challenge character rate feel.,2026-02-16T00:20:43,example
33,186,Improve team treat plant suffer environment expert civil.,2026-03-31T11:40:42,example
34,187,Door draw change agree someone financial magazine yard instead town dark evening ahead smile everyone nearly popular.,2026-03-31T11:45:04,example
35,193,White magazine after teacher base own test too.,2026-04-15T00:04:24,example
36,202,To public though however style successful door number matter building professional oil simple moment market.,2026-04-10T16:11:45,explain
37,207,Draw business southern forget once hope security door institution.,2025-12-07T23:09:33,explain
38,209,Blood degree ever impact television argue mouth record both nation.,2025-12-07T22:27:50,example
39,216,Radio white these view guy resource start again whom.,2025-07-18T10:51:19,explain
40,217,Alone science sometimes area true public education his police red total rate.,2025-07-18T11:16:53,explain
41,218,Term tax home travel hotel within eight.,2025-07-18T11:08:58,explain
42,222,View series father teacher civil keep first speech popular.,2025-10-16T16:23:14,example
43,223,Ever bag single man say.,2025-10-16T16:59:02,example
44,228,Response theory star station recognize media goal own spend scene law.,2026-04-02T10:35:16,explain
45,232,Seven political contain kitchen political able.,2026-04-02T10:29:42,explain
46,240,Pick finish bank citizen might.,2026-03-13T20:41:01,example
47,247,Suggest rate society floor.,2026-05-01T22:38:48,explain
48,248,Them card community or foreign example base happen hour help strong now again age.,2026-05-01T22:00:06,hint
49,252,Positive phone trade wind cup red collection husband investment employee become happy water bring.,2026-05-01T22:00:23,example
50,254,Itself turn law purpose budget require course technology site explain management candidate.,2026-04-12T00:11:41,explain
51,258,Outside yet executive quality industry impact certainly face energy pay.,2026-01-25T00:22:42,hint
52,264,Hard range leader action card follow realize rather require remain.,2026-01-24T23:39:26,example
53,267,Eight believe arrive four dog traditional you vote whose our security animal effect people.,2026-02-18T14:13:58,explain
54,270,Within provide car throughout American.,2026-01-13T21:22:29,example
55,276,Employee mean us there car fish most center bring analysis campaign.,2026-03-08T03:34:30,explain
56,279,Security unit executive theory party.,2026-03-08T03:21:59,example
57,285,Might job close say man wear new.,2026-04-30T03:57:39,example
58,290,Apply chance discover along employee relationship job yet until American ground remember.,2026-05-27T18:04:07,hint
59,291,Leader both rest challenge glass data exist strong seek state none production defense.,2026-05-26T01:44:46,hint
60,300,Moment number indicate baby.,2026-05-09T19:56:43,hint
61,313,Quality thought ago race quite hour opportunity week student child ball store process law western order accept.,2026-05-04T16:37:12,explain
62,320,Prevent week foot rule same whatever notice deep.,2026-04-04T21:22:00,hint
63,322,Soon executive sometimes season natural own begin effort.,2026-04-04T21:24:12,hint
64,324,Whole tend become system clear single expect sell pressure building make it.,2024-09-26T10:21:39,example
65,330,Tough page grow benefit happen.,2025-02-05T12:53:21,hint
66,333,Majority those live none institution.,2025-02-05T12:26:13,hint
67,336,Specific pass its international American game less.,2025-09-19T00:18:22,example
68,347,Positive require us money positive.,2025-12-01T05:10:30,example
69,348,Fact join trade local chance campaign total.,2025-12-01T04:35:37,example
70,351,Mission far answer baby and blue.,2026-05-10T22:43:49,example
71,357,Including let result spend green one shoulder.,2024-12-13T06:51:37,example
72,368,Box product conference consider hotel bar theory fear.,2024-10-10T14:48:20,hint
73,373,Right serious last space game truth special decision back word else pull.,2026-05-14T17:25:54,example
74,374,Move accept bring commercial local reality than whole own main peace wind guess purpose.,2026-05-14T16:41:08,example
75,376,Source because career course staff receive could agree loss.,2025-09-14T20:28:29,example
76,377,Power job personal so.,2025-09-14T22:04:19,example
77,379,Beat show challenge instead bring total school.,2025-09-14T20:23:22,hint
78,380,White likely teacher one cut notice street anything account piece.,2025-09-14T21:00:13,hint
79,392,Woman support say other never fact.,2025-01-03T01:53:59,explain
80,399,Hundred message right very toward test discussion art affect.,2025-06-30T16:21:20,hint
81,401,Firm as throughout individual list manager voice get recently.,2025-06-30T16:50:00,hint
82,403,Claim risk light just medical onto rate two.,2025-06-30T17:30:29,explain
83,406,Capital fall represent where strategy pull same somebody son suddenly perform.,2026-05-06T03:17:59,hint
84,412,Real beat lot community choose.,2025-02-03T07:19:34,explain
85,422,Beyond indeed year field decide another adult thing ground city still thus allow as issue pay building.,2025-02-05T06:52:44,explain
86,423,Main year size show show news to table them.,2025-02-05T06:31:22,explain
87,446,Prove relationship unit just lead success book black particular site.,2026-04-11T20:07:23,example
88,447,Statement among black picture that.,2025-07-23T17:23:57,explain
89,453,Church factor kid media run between positive free case summer keep indeed shoulder.,2026-03-21T04:45:44,example
90,457,Strong list expert commercial entire resource increase picture early.,2026-03-10T15:24:19,example
91,462,Instead direction soon including important learn system some gun ahead certainly act.,2026-03-10T16:00:17,hint
92,464,Want be fire word clearly article service produce political total around place require produce mind fast.,2025-08-09T22:22:37,hint
93,469,Though red them return finish general still too particular chair identify popular.,2025-07-26T05:36:07,example
94,480,Person peace kind generation speech possible simple thing base Mr hope rest they minute.,2025-10-28T05:41:36,explain
95,491,Exist behavior necessary miss serious civil agreement someone or drop similar.,2025-12-21T07:59:32,hint
96,495,Would book art health phone great answer prepare by fear say law work south.,2025-11-28T15:49:49,explain
97,506,Not thus physical mouth other go expect size resource public research mind easy foreign.,2025-06-09T06:05:39,explain
98,514,Court sing lawyer chair international include begin interesting.,2024-10-12T16:00:02,explain
99,523,Live land hard moment open million house enough material.,2025-05-19T11:00:48,explain
100,545,You ready way rule indicate clear media machine leader whose message more reason lay allow.,2026-03-28T03:55:17,hint
101,547,Want hard weight own impact building occur.,2026-03-28T03:30:53,example
102,548,Mission brother figure hear family agreement central six instead.,2026-03-28T03:27:34,hint
103,551,Threat democratic standard major business give that individual of not too.,2026-03-28T04:05:47,explain
104,557,Little result paper seven measure leave last last.,2025-12-16T04:43:26,explain
105,558,Become person perhaps hold too fund.,2025-12-16T04:38:04,explain
106,561,When three save position tend.,2025-11-28T03:57:27,hint
107,563,Occur someone religious night buy.,2025-11-28T04:21:47,hint
108,566,Be western my serious whatever miss seek me affect.,2026-01-03T05:27:12,explain
109,577,Conference affect skill early relationship thought know southern parent I.,2026-03-06T04:54:41,example
110,582,Man value future Congress agency.,2026-03-05T09:02:36,example
111,584,Fish either boy between collection century eight bed fill imagine college pass foot agree around hope.,2026-03-05T09:56:31,example
112,588,Central throw election walk tonight appear dream others door meet mean we.,2026-01-12T10:13:44,explain
113,592,Art let imagine machine imagine do though especially white push east never.,2026-01-05T04:18:35,example
114,593,Fight image base player data whose health world.,2025-08-25T05:05:52,explain
115,595,Mr interest treatment later a let stop eye will a value.,2025-08-25T04:48:16,hint
116,602,Event economy quite yourself successful defense subject example claim move attorney bed recognize store rise.,2025-10-05T08:53:10,hint
117,606,There decision measure soon this war play woman remain event production focus decision.,2025-12-27T15:08:07,explain
118,610,Foreign trial card two participant above act community new recent major hotel ball theory prepare much throughout.,2025-08-03T06:34:16,explain
119,619,Public good spend still group concern should recent across leg view know.,2026-01-01T02:08:10,explain
120,620,Sea serve quite remember course.,2026-01-01T02:08:29,hint
121,623,Personal space determine woman whose already manage region paper according worker point book everyone matter color create.,2025-11-13T10:15:30,example
122,624,Public owner compare open second camera value talk thing rock ever summer age wide question.,2025-11-13T10:13:37,hint
123,628,Education nice law visit political wall appear voice item yet ever quite level guess service this different everyone information.,2026-04-15T10:23:46,example
124,639,First hot free they space wrong difficult ready when true culture.,2026-05-10T02:01:50,hint
125,648,Financial personal benefit lose space or phone free.,2025-10-13T03:20:02,explain
126,652,East list when strategy start mind door authority.,2025-10-13T03:13:16,hint
127,655,People shake personal often beat art almost finish summer assume camera try kind feeling.,2025-01-07T19:48:13,hint
128,656,It big argue appear sure I pay in ten.,2025-01-07T19:32:25,explain
129,657,Action himself somebody they people fund visit situation law foreign court bill organization attack smile cover of PM eight.,2025-01-07T19:31:59,hint
130,659,Loss per control case analysis camera once message prepare group on must certainly light.,2025-01-07T19:51:04,explain
131,662,Garden hard account only question arm medical strong teach instead crime customer.,2026-03-01T20:12:02,hint
132,672,Size game property reason word outside former.,2025-06-12T18:08:36,example
133,674,Not friend federal forget bit then treat many turn police really level defense lose shoulder spring southern.,2026-03-06T13:25:05,hint
134,686,Day contain wrong guy available air.,2026-04-20T17:33:03,hint
135,703,Central key place tree growth wish.,2026-06-02T11:46:10,explain
136,708,Cup company those responsibility fund never condition again successful treat.,2026-03-11T10:05:51,explain
137,713,Story case pressure those.,2026-03-31T23:24:47,explain
138,716,Very figure drive special produce wait with young think there assume certain.,2026-04-18T00:36:36,hint
139,719,Some court her hear outside with each animal pattern country.,2026-04-18T00:54:38,explain
140,720,Family chance easy picture evidence call meet once.,2026-04-17T23:27:09,hint
141,729,Decide bank likely professional ask meet seem population meeting material less focus hear reason resource manager environmental.,2026-05-04T06:01:32,hint
142,735,Point so power debate thus later doctor despite interesting.,2026-05-05T06:29:21,explain
143,738,Number very hear nearly care base know goal once let perform international level important.,2026-05-05T06:50:21,hint
144,743,First him conference doctor population grow bar successful mention poor skill unit better author.,2025-09-15T00:20:46,explain
145,750,National free push economic seat shoulder suddenly.,2026-01-23T07:17:55,hint
146,761,Relationship your your sell science treatment across federal state situation.,2026-04-06T23:20:47,hint
147,766,Watch state serious activity pressure writer week tend.,2026-05-08T21:38:34,hint
148,768,Dinner see listen middle skill serious reveal left social.,2026-05-08T22:42:54,hint
149,770,Suffer investment walk individual just table.,2026-05-05T08:01:50,example
150,774,Hear officer campaign wall act special strong fund.,2026-05-05T07:30:02,hint
151,776,International sell several real federal only nothing allow cause with yes nothing sometimes trial off.,2026-05-05T07:11:36,explain
152,781,Woman daughter hospital move could board notice later thus.,2026-04-23T11:57:45,explain
153,784,Commercial push concern step.,2025-04-27T18:03:59,explain
154,796,Major cost attorney white exist do process attorney arm million commercial teacher improve church book movie long.,2026-04-08T11:21:23,explain
155,800,Home tough deal that finally.,2026-01-29T10:41:33,example
156,802,City offer financial data respond learn cut yard knowledge station painting east forget notice.,2026-01-29T10:44:31,explain
157,808,Least office say explain thing lead red.,2026-01-20T00:22:54,hint
158,809,Hospital statement sure indeed conference pay it his probably recognize believe recognize analysis.,2026-01-20T00:37:45,hint
159,813,Event physical factor trouble recently reveal describe management.,2025-08-09T02:04:18,explain
160,815,Building hard sense mean single improve close debate and ago police put left.,2025-08-09T01:43:08,example
161,822,Second talk however action boy true force security machine.,2025-01-14T05:42:16,example
162,824,Bar prevent require just.,2025-09-24T21:39:53,explain
163,828,Star success color adult beyond family movement hospital back shake quality child group describe alone push.,2025-09-24T21:16:24,explain
164,829,Kind answer play mission production process bill real know.,2026-01-29T09:33:39,explain
165,836,Above significant short up hear draw before instead writer front court protect determine think.,2024-12-20T15:15:21,explain
166,840,Right analysis mention spring follow.,2026-01-11T00:37:03,hint
167,847,Couple debate must voice building degree ground community I first home learn at spring practice hard attack despite feeling.,2025-12-17T08:15:59,example
168,849,Matter wrong Republican social two notice edge behind food piece home under sign card compare seven reach.,2025-12-17T08:17:22,hint
169,851,Attack adult treatment large memory score me relate actually again serve buy door investment during.,2025-06-13T10:58:06,explain
170,853,Art hear father charge daughter also type our.,2025-06-13T09:22:14,explain
171,861,School forget everything poor set minute within possible eye agency.,2025-08-17T11:46:17,example
172,864,Garden day approach truth write soon recent develop their miss contain picture ask.,2025-08-17T11:58:26,hint
173,865,Attorney court plant center daughter begin or.,2025-08-17T11:51:52,explain
174,870,Door back right find return each computer.,2026-02-01T14:24:11,example
175,872,Field office whose cut television loss week growth help likely institution participant.,2026-02-01T14:23:59,hint
176,873,Set standard soldier after high take serve TV organization check risk either less law heart paper.,2026-02-01T13:03:13,example
177,883,Four resource cultural trouble above technology room hear identify.,2025-06-24T03:58:37,example
178,884,Wait wife health majority political open impact although TV.,2025-06-24T03:52:43,example
179,886,Usually class several whatever side seem.,2026-01-27T23:07:52,explain
180,888,Meeting major read recent prepare unit save drug alone.,2026-01-27T23:51:22,explain
181,891,Piece put recently population end lay race effect own weight success activity.,2025-10-14T14:49:49,explain
182,892,Popular true huge only too million country.,2025-10-14T14:37:42,example
183,896,Coach interview reality may mouth though only safe sell under thank body of something.,2025-10-14T14:38:43,explain
184,900,Especially decide security recognize according.,2026-04-08T10:42:28,hint
185,906,Staff ability attorney recent modern pressure.,2026-01-24T08:08:04,hint
186,909,Color hear region cup consider way late sport control.,2026-05-20T05:16:53,example
187,917,Seek speak court work the key tree body.,2025-10-21T00:33:01,hint
188,918,Bag beat by ask ahead doctor.,2025-10-20T23:39:31,explain
189,919,Pull beyond article seem account old would best mission account owner would.,2025-10-21T00:44:42,hint
190,928,Usually list front investment he three yourself stage wait professor her arm.,2025-06-15T17:33:38,example
191,929,Their south able that I structure understand.,2025-06-15T18:08:21,example
192,933,Own than evidence recognize spring.,2025-06-15T18:49:30,hint
193,939,Later rather thank method produce about point walk focus plant them wide save question.,2025-10-18T16:12:00,example
194,941,Parent hundred partner bank into use us would tax toward safe.,2025-10-18T16:18:03,hint
195,943,Parent Republican thank then size respond all marriage beautiful strategy you.,2025-10-18T16:20:14,explain
196,949,Collection land break production drive deep send process.,2025-06-24T22:26:09,explain
197,953,Black year ahead upon.,2025-06-18T09:32:43,hint
198,963,Total short detail election live today but career movement rise bed reality the use.,2025-03-18T20:55:38,example
199,966,Ask gas travel sea rise president size whom join do.,2025-03-18T20:05:55,example
200,976,Break because become scientist visit seat break happy table west.,2025-12-02T08:55:16,explain
201,988,Say financial operation couple hold interest side something value.,2025-10-02T01:28:34,explain
202,991,Mind own develop house Mrs leave certain wall.,2026-05-13T12:33:09,explain
203,992,Matter lay own certainly program soon reflect out final wrong but.,2026-03-13T19:43:04,example
204,995,Long stock manager region heavy wonder four still decision run special red apply tend condition maintain hot worker.,2025-09-10T08:53:23,hint
205,996,Yard nature front question wrong serious hospital month executive.,2025-04-07T19:13:54,hint
206,1001,Red nature best food social tend.,2025-04-07T19:27:13,example
207,1004,Sure report leader clear case receive fact certain.,2025-05-10T00:37:53,example
208,1008,Source crime prepare gun task.,2025-05-10T00:16:29,explain
209,1017,Question write challenge wear interview success unit benefit wind conference.,2026-01-22T09:21:29,example
210,1018,Bring middle full its chance reveal each.,2026-01-22T08:08:03,example
211,1019,Drive major read west present heart reality somebody probably.,2026-01-02T13:07:12,example
212,1021,Ten practice every president happen build bar majority protect meeting age of of event.,2026-01-02T13:37:01,example
213,1022,Some Congress machine popular its number between as training somebody.,2026-01-02T13:30:42,explain
214,1027,If red hour stage.,2025-10-04T06:01:28,hint
215,1030,Major million once research so buy send whole today Congress.,2025-09-18T11:19:14,example
216,1042,Receive accept language fire always offer present because either.,2026-05-22T12:38:48,hint
217,1045,Be by fear.,2025-12-27T19:45:31,hint
218,1046,Commercial with probably eat animal watch toward fall move cause make fine treat you paper member.,2025-12-27T20:11:31,example
219,1076,Production and already center task Democrat care need option.,2025-01-04T03:22:19,example
220,1077,Campaign performance avoid effort high tough hundred bar effect international reason.,2025-01-04T03:06:30,explain
221,1079,Data picture especially plan population research nor positive memory clearly start first skin her.,2025-03-24T13:02:44,hint
222,1084,Easy establish mother range image forget become training sing chair something event better woman develop weight situation.,2025-03-24T12:50:35,example
223,1087,Compare rock fill start majority more.,2026-03-08T16:27:35,hint
224,1090,Tend necessary parent to color water hope generation scientist.,2026-03-08T17:56:55,example
225,1098,Necessary think I or else rather require price central nothing.,2026-03-01T01:58:49,example
226,1101,Apply rise window religious eat participant religious consumer worry sometimes maybe every into.,2026-05-04T18:46:39,hint
227,1103,Figure teach water image fine bed bag role war close arm.,2026-03-22T20:00:16,example
228,1106,Never manage them while interest meet room look middle.,2026-03-22T20:12:47,hint
229,1112,Recently if pattern treat second research reflect see each school week statement they month.,2026-05-16T13:50:53,explain
230,1115,Amount large collection us shake tough company happen card government anything many color wide full quickly story.,2026-05-16T13:42:22,hint
231,1116,Face low enter able piece hour.,2024-10-15T22:34:11,explain
232,1118,Upon where middle throw very throughout summer arm.,2024-10-15T22:18:31,example
233,1122,Past forget government accept.,2024-10-15T22:40:37,example
234,1123,I across issue culture more together improve tree according.,2024-08-10T10:41:54,hint
235,1127,Difficult house federal into consider speech board just.,2025-04-18T03:28:31,hint
236,1128,Class government its grow that cup.,2025-04-18T03:51:39,hint
237,1129,Expect card inside former all program way where work budget major.,2025-04-18T03:42:46,example
238,1138,Son research foot share think maybe type successful home body blue again choose matter should.,2026-03-03T11:29:08,explain
239,1143,Appear stop involve others account lose executive bar investment pay role.,2026-02-16T21:28:41,example
240,1149,Economic short ten yes easy star.,2026-02-16T21:35:47,example
241,1153,Listen situation billion room particularly.,2025-09-01T22:00:30,hint
242,1156,Yeah option play director car.,2025-09-01T22:05:10,example
243,1162,Event court certainly adult.,2026-02-11T01:05:24,explain
244,1165,Before anything imagine fill plan discuss from look member.,2025-09-04T14:24:30,hint
245,1173,Fight especially exactly go individual.,2026-05-25T15:29:10,example
246,1180,Time consider a produce focus experience exactly paper issue edge man free.,2026-03-01T02:43:52,hint
247,1182,Best add necessary technology former scientist guess single more he.,2026-03-01T02:46:15,example
248,1189,Decide himself thought candidate sea build only treatment pressure.,2025-12-31T12:12:46,example
249,1191,Cover knowledge better walk people feeling listen set.,2026-05-13T17:50:37,hint
250,1192,Result analysis court nearly education theory table trade window thus.,2026-05-13T17:39:22,example
251,1207,Picture brother job lot model weight so cold ever whose face what article win couple sport.,2025-01-25T15:25:27,hint
252,1214,Range that will close seek his single husband even contain civil design recent these.,2025-04-14T11:09:14,example
253,1221,Lay remain modern field detail remain need commercial animal draw although challenge third until establish so.,2025-12-09T06:20:21,example
254,1232,Writer decide break possible plan win foot watch this.,2025-10-04T22:30:21,example
255,1239,Reveal impact particularly foot arm staff station despite.,2025-07-27T20:00:39,hint
256,1241,Computer will Mr without sing sister blood second high.,2025-07-27T20:00:22,hint
257,1248,Thank plant nearly stage determine environmental ok space send choose discussion.,2026-02-01T01:43:03,hint
258,1260,Happy total behavior consider continue television country make role positive again clear.,2025-06-22T21:26:57,explain
259,1261,Stage reach could century interview lawyer population I right.,2025-06-22T22:16:05,hint
260,1273,Risk space owner help again step shake popular analysis.,2025-10-17T11:35:20,hint
261,1281,Show environment voice outside society act social my stand.,2025-07-14T16:54:48,example
262,1284,Dark lose none know clear.,2025-07-11T01:10:19,hint
263,1286,Look during myself environment myself again and name bill though indeed ability.,2025-07-11T00:51:56,example
264,1304,Agency interview challenge pretty difficult these his this.,2026-04-19T01:40:45,example
265,1310,Man yard different what example.,2026-02-10T22:25:05,hint
266,1341,Past brother type turn time page concern most outside.,2025-11-25T06:19:30,example
267,1374,Change project feeling stage give billion trouble product usually specific represent baby able value.,2026-04-16T07:24:28,explain
268,1382,Sing chair challenge land someone.,2026-05-21T09:26:25,example
269,1401,Spring both into risk certain follow camera should.,2026-04-01T04:03:58,example
270,1404,Floor interest really including soldier four soon president early industry.,2026-04-01T03:08:56,hint
271,1416,Much manage movie discover base resource money since specific despite beautiful gun.,2025-12-26T22:22:20,hint
272,1426,Yes admit next whatever TV arrive glass support term standard far century.,2025-10-20T01:41:13,explain
273,1430,Will tree drug still argue case while region help ago who he reduce production available.,2024-12-23T20:53:15,example
274,1431,That air half bad baby notice sport change consumer sea.,2024-12-23T20:32:35,example
275,1435,Recognize federal in front sit receive expert choose thing allow seem me action strategy quite then.,2024-12-23T20:15:30,example
276,1442,Represent election occur fill dinner use even.,2024-09-01T16:09:14,hint
277,1447,Miss within by deep people.,2026-04-19T03:08:14,example
278,1448,Hot state wish painting baby realize local present if.,2026-04-19T03:18:54,explain
279,1451,Close sound position crime board back owner suggest agreement executive.,2024-11-30T13:19:31,explain
280,1454,Blood deep action travel could cut upon drive be.,2026-01-07T00:29:35,explain
281,1459,North nor so animal fire want across.,2026-01-21T10:20:38,explain
282,1464,Seem when matter fire hospital green can push former to me maybe simple.,2026-05-16T17:00:28,example
283,1475,Onto him only system.,2025-05-01T06:29:50,example
284,1479,Claim radio bad personal well discuss democratic race cell responsibility year maybe yeah.,2026-04-07T08:57:28,example
285,1486,Prepare us game size fund growth task issue three similar hold decade particular avoid charge physical marriage source central.,2026-04-20T09:48:47,explain
286,1491,Natural why sit beautiful behind finish value claim evidence guy become.,2026-05-14T23:12:30,explain
287,1495,Represent leave worry without shake kind under vote will major guy.,2025-09-16T18:53:31,explain
288,1497,Husband tax true can happen suddenly weight health radio.,2025-09-16T19:19:03,explain
289,1501,Late theory yard amount within arm so record night choice black.,2026-01-03T10:23:07,hint
290,1513,Citizen human authority hold left behavior letter politics too let beat rule true two.,2024-11-10T22:46:27,explain
291,1514,Current forget fish you main reduce live everything although choose like policy floor all.,2024-11-10T22:45:09,hint
292,1515,Similar artist speak smile without degree deep age serve institution edge compare center event bank them later.,2024-11-10T22:40:16,explain
293,1519,Modern prove else store begin top garden send clearly glass.,2025-03-27T09:58:54,example
294,1522,Loss movement six whole join tree now statement night throw cup reveal official certain professional.,2026-05-19T19:03:11,hint
295,1527,Add to value material first society purpose.,2026-04-30T13:50:49,hint
296,1529,Minute about late strategy call last wide best despite without information national.,2026-06-04T06:39:23,hint
297,1537,Over democratic decide course quickly western have hair.,2026-05-10T03:44:49,hint
298,1538,To maybe test record power.,2026-05-10T04:01:00,hint
299,1539,Increase goal stock international wind from unit learn health need class job expect process quite plant.,2026-05-10T04:05:29,hint
300,1547,Visit town between because student bed administration usually billion seek perhaps name plant.,2026-05-09T13:47:18,example
301,1548,Ok allow face inside development lawyer high crime light buy whose trial.,2026-05-09T13:48:24,explain
302,1550,Traditional population six how vote site medical environment.,2026-05-09T13:49:35,example
303,1555,Film total training pull above training allow ago so subject million.,2026-04-29T05:08:26,hint
304,1556,Fish color occur involve new hot pattern hotel appear use investment vote hospital.,2026-04-29T05:31:01,example
305,1564,Idea fish citizen discuss report.,2025-03-11T20:47:38,explain
306,1568,Mean place six successful physical employee need we data behavior.,2025-05-01T00:07:41,explain
307,1574,Activity show check peace myself win.,2026-05-20T00:05:47,explain
308,1575,Him score candidate law place group dream today father movement early.,2026-04-26T02:23:40,hint
309,1577,Side process ever various physical point often billion learn other.,2026-04-26T01:51:06,hint
310,1579,Center energy Congress back suddenly tree debate beyond somebody.,2026-06-03T11:33:16,explain
311,1580,Available where baby reach heart finish.,2026-06-03T11:34:53,example
312,1581,Speak conference act condition note parent all wish.,2026-06-03T11:19:25,explain
313,1582,Low pass national citizen score unit cover ahead age memory charge term.,2026-06-03T11:37:08,explain
314,1586,Together ahead catch base reality call.,2025-07-04T01:45:44,example
315,1611,Loss well give necessary family seat many mention hundred.,2026-02-24T07:42:18,hint
316,1613,Economic cup suffer response which bill soldier.,2026-02-24T08:17:02,explain
317,1616,Find some west maintain third interest section staff performance.,2025-12-02T17:07:44,hint
318,1620,Him current good today standard last threat when education important page theory wear most huge boy.,2026-03-23T14:46:18,example
319,1624,Investment control early Democrat he certain fire act read response degree nothing focus.,2025-12-16T05:19:21,hint
320,1647,No history own money bill.,2025-11-23T02:54:27,hint
321,1650,Respond watch space provide off position radio itself spend cup anyone management.,2026-03-27T14:10:58,explain
322,1664,Wrong instead buy commercial.,2026-05-31T02:47:24,example
323,1666,Option door again adult situation office above left capital whom already.,2026-05-31T02:36:27,example
324,1670,Truth although population attorney believe sort rich ever send hundred news finish partner hotel recent lawyer support.,2025-12-16T20:16:29,explain
325,1676,Successful visit bill difference stay catch.,2025-11-13T20:47:14,hint
326,1683,Technology right difficult because right speech staff.,2026-01-30T03:02:18,example
327,1684,Writer various test employee size book water avoid forget partner speech.,2026-01-30T03:29:14,explain
328,1685,Recognize understand on build floor.,2026-01-30T03:13:48,hint
329,1687,Send thousand whole including land business month.,2026-01-30T03:02:58,hint
330,1688,Long majority exactly significant lot begin she represent good structure drug positive task.,2026-01-30T02:59:42,explain
331,1693,Avoid manager defense provide life his maintain future sport.,2025-11-30T21:28:16,example
332,1700,Method finish want remain pretty summer black.,2025-04-09T22:41:52,example
333,1703,Despite hair window test message.,2025-04-09T22:20:13,explain
334,1716,Could everyone clearly film thank possible challenge then seat drive thus cost.,2025-04-01T23:40:40,hint
335,1719,Live most goal brother nearly great.,2025-03-13T04:14:15,hint
336,1721,Character maybe meet apply evening.,2025-03-13T04:16:00,explain
337,1727,Any him up create country computer every parent million.,2025-01-31T23:43:48,hint
338,1732,Race position where detail apply along entire assume.,2025-04-24T15:10:09,example
339,1737,Every third record identify hotel detail station.,2025-04-24T15:23:51,hint
340,1739,Manager commercial data PM relationship explain about continue.,2025-09-25T21:16:31,explain
341,1749,Live figure trade draw fire attorney cost tonight center actually listen free concern enough baby quickly table order.,2025-05-15T06:35:53,explain
342,1762,On major easy body standard note wrong structure.,2025-08-17T17:18:18,explain
343,1766,Me sense simple beyond sound friend make go.,2026-03-27T02:28:59,explain
344,1768,Either main hair add good report through simple tax total other both rate rock again without.,2026-01-12T13:08:20,hint
345,1769,Process center marriage each scientist.,2026-01-12T13:20:09,explain
346,1777,Grow season create western police whole theory quickly tonight last when money.,2026-04-08T11:47:25,explain
347,1780,Travel give former operation war everybody course often.,2024-11-19T05:09:44,hint
348,1781,Street but somebody note society get body across until chair race model face newspaper.,2024-11-19T05:32:43,explain
349,1791,Field explain son administration American executive.,2025-05-03T20:49:54,hint
350,1796,But major above good street anyone case these size maybe when night west require central run it truth.,2026-05-07T03:24:40,example
351,1798,Despite list great speech PM institution whom.,2026-05-07T03:34:08,explain
352,1799,Throw turn others community job.,2026-05-07T03:35:38,example
353,1800,Source cause should economic indicate current figure father until.,2026-05-07T02:52:24,hint
354,1802,National heavy then join catch kind finish various.,2026-05-07T03:09:17,explain
355,1809,Life into inside improve agree next whatever.,2025-12-19T02:02:08,example
356,1813,Because cell trade skill oil health per tonight there apply suddenly call prove leg several.,2025-12-19T01:57:51,hint
357,1821,Least approach area stop practice four best fact loss former article science.,2025-12-25T10:56:53,example
358,1823,School apply day century science manager difference.,2026-06-01T01:21:23,example
359,1824,Feeling financial writer according machine reach boy a page building.,2026-06-01T01:29:43,explain
360,1827,Easy billion agency media hospital unit.,2026-02-15T02:43:03,explain
361,1829,Identify work star success national start race.,2026-03-20T20:20:37,example
362,1833,But chair against center seat drive memory record customer lose face.,2026-03-27T22:14:44,explain
363,1836,Where manage property hospital recently blue indicate.,2026-02-01T22:25:11,explain
364,1840,Challenge exist build hope oil alone practice price know.,2026-06-04T18:29:10,hint
365,1844,While life rich everybody word group task me give relationship hospital artist pretty.,2026-06-04T18:26:33,example
366,1845,Pretty none least teach cause size.,2026-05-08T23:38:03,explain
367,1846,Type attention stuff low while paper Congress remain.,2026-05-08T23:24:59,explain
368,1850,Simple moment can food western give pay identify and system city benefit blood various.,2026-05-02T19:46:13,example
369,1853,Food discuss sign true somebody black thing rock himself.,2026-05-02T19:54:08,example
370,1858,Two artist economy also seek kid hear piece ahead company blue.,2026-05-10T07:21:52,example
371,1868,Help writer off current education join experience cut class.,2026-01-25T13:43:30,example
372,1870,Speak court old pick protect data special throw growth impact national author continue role treat politics.,2026-01-25T12:53:11,explain
373,1878,Couple debate still may ground tonight table soon keep.,2026-02-06T04:55:41,hint
374,1881,Heavy audience back site fear brother discover own former difference wait two edge reflect attack the.,2026-04-27T17:21:32,hint
375,1889,Avoid offer table use matter human arm recently book likely true enjoy.,2026-04-10T08:08:52,explain
376,1893,Allow instead customer thousand arrive daughter stage form.,2024-09-28T19:23:04,hint
377,1919,Dog authority way toward reflect she.,2026-01-23T11:03:46,example
378,1924,Generation audience indicate school upon.,2026-01-23T10:50:37,hint
379,1925,Long can rich bit market different go local sit theory direction use ago.,2026-01-23T10:54:18,explain
380,1932,Move team radio scene need appear she.,2025-10-22T13:55:17,hint
381,1934,Involve interview case just today work happy create job.,2025-11-14T00:44:32,explain
382,1943,Draw begin act including sell space.,2025-12-20T03:52:10,hint
383,1945,Nothing yard address rest spend baby camera Congress analysis glass.,2026-02-17T01:26:27,example
384,1951,Your can huge price prevent baby voice day relate spend today.,2025-11-05T07:53:44,example
385,1953,Kitchen few happen necessary than each throw five must bit.,2025-11-05T07:31:59,explain
386,1959,Too relationship perform evidence data case wish discover score decision head staff center.,2026-03-18T15:54:32,hint
387,1964,Recognize practice law box material almost everyone his still.,2025-06-30T02:39:17,hint
388,1966,Arrive take himself affect him know.,2025-06-30T02:33:45,example
389,1975,Day continue issue appear figure must girl ago.,2025-09-04T01:08:34,example
390,1976,Senior from stock energy send describe agree rise perform.,2025-09-04T01:11:14,hint
391,1977,Site up sell southern network weight usually explain yard movement interest rest shoulder employee.,2025-09-04T02:05:09,explain
392,1986,Level yeah draw traditional exactly radio.,2025-10-13T08:52:19,hint
393,1989,Beat economic myself front house past gun process site special part buy nothing.,2025-10-13T08:47:22,explain
394,1992,Structure summer kitchen admit across already grow.,2025-10-13T09:17:33,explain
395,1993,Design around voice everybody particular finish ask conference she everybody than camera piece chair peace anyone boy although.,2026-01-04T05:01:28,example
396,1996,Team oil among response article research else either.,2026-01-04T04:57:49,example
397,1998,Music and doctor board medical both back daughter.,2026-01-04T05:04:18,hint
398,2008,He state indeed politics then central force small friend impact.,2026-05-21T23:59:50,hint
399,2009,Likely wind perform civil and us treatment.,2026-05-21T23:58:48,example
400,2010,Blood deep finish respond score.,2026-05-21T23:15:26,hint
401,2014,Require vote her old price change several power western when yeah not young piece safe much.,2026-04-15T23:15:22,explain
402,2025,Summer month anything line modern kid especially structure.,2025-12-27T06:58:58,hint
403,2034,Treat forget sometimes within discuss fire win realize knowledge whatever improve bag.,2026-05-21T04:59:06,example
404,2036,Measure trip president painting large industry notice step by Mrs.,2026-05-21T04:05:40,hint
405,2041,Purpose program painting somebody game brother impact measure chance management thing cup conference law coach.,2026-04-14T06:54:12,hint
406,2049,Enjoy never us sea call alone issue real wrong car term truth toward great I.,2025-12-17T19:24:10,explain
407,2055,Drop fall front station from participant blue reveal available TV.,2025-12-17T19:28:25,explain
408,2058,Treat piece scientist job serious record safe rich operation star.,2024-10-14T15:51:33,explain
409,2062,Base time order have power here just meet open war best father game nor today oil.,2025-05-30T01:00:50,hint
410,2063,Expect himself serious well among war think room issue everything they.,2025-05-30T01:51:16,explain
411,2064,Between expect budget event keep those eye truth writer send under project cell deal.,2025-05-30T02:06:22,example
412,2065,Senior agree total whether music sometimes according.,2025-05-30T02:05:04,hint
413,2066,Hard example way interview know.,2026-03-18T20:19:32,hint
414,2068,Store far body relationship suddenly know.,2026-03-18T20:20:32,example
415,2069,Manage beautiful carry everything protect why sound season develop avoid church friend law save.,2025-10-28T16:52:15,explain
416,2070,Religious fire under item usually some fish success produce.,2025-10-28T16:40:59,example
417,2071,Along play account carry heavy wall pull enter charge.,2025-10-28T15:55:49,example
418,2074,Safe executive cup then week tax see about attack.,2026-05-11T12:26:57,example
419,2075,Particularly report although read party piece doctor give most west there subject themselves.,2026-05-11T12:56:34,hint
420,2076,Make picture our myself far despite while to shake information language easy.,2026-05-11T12:43:11,hint
421,2078,Break let five box recent relate similar low source major include.,2026-05-11T13:01:40,explain
422,2085,Ahead environmental Democrat surface important no follow push in.,2026-06-04T12:15:11,explain
423,2086,Interesting end area magazine despite player animal language determine then movie single book why particularly.,2026-04-19T18:49:12,example
424,2088,Painting after reveal sort bed relate treatment short need.,2026-04-19T19:10:31,example
425,2094,Million gun cup church movie teacher director.,2026-05-25T03:36:28,explain
426,2100,Treat former democratic safe vote already after.,2026-04-14T10:51:10,explain
427,2107,Bill huge machine church feeling discover significant easy evening buy six.,2026-04-22T21:24:13,hint
428,2110,Capital scientist establish be available reveal several indeed address store painting.,2026-01-29T06:16:38,explain
429,2111,Believe open hospital story teacher size interesting.,2026-01-29T06:33:33,example
430,2114,Few learn between wide office heavy involve develop.,2026-04-02T14:00:50,hint
431,2116,Night low traditional mouth each admit market hour head national board difference.,2025-08-23T01:47:56,hint
432,2121,However discussion have none poor forward special wish.,2026-01-09T19:06:14,hint
433,2130,Night debate walk order base idea.,2025-12-20T07:24:24,hint
434,2132,Model style set arrive management in scientist strong already ready out the environmental decide none major.,2025-12-20T07:31:02,hint
435,2134,Fine present focus remember method teach yeah bank.,2026-04-28T12:33:59,example
436,2138,International back camera add mind building.,2026-05-02T13:04:37,explain
437,2140,Join will although interest color.,2026-05-02T12:17:39,explain
438,2143,Maintain see natural human father itself family two quality mission past he practice center model.,2026-01-15T19:01:28,explain
439,2145,Sort weight he page line decision form.,2026-01-15T19:31:37,example
440,2149,Clearly resource listen fish conference like.,2026-01-15T19:13:03,example
441,2156,Find could really Mrs former article light.,2026-05-20T01:27:32,example
442,2162,At player third general add cover exist treatment.,2025-11-20T19:12:06,example
443,2166,Once figure person idea effort must process back check room evidence enjoy bill.,2026-03-21T02:08:47,example
444,2177,Onto she form sign option everyone southern the protect list collection situation writer.,2024-12-13T16:30:17,explain
445,2182,Upon past century little a back wide case southern.,2025-09-24T18:53:56,hint
446,2184,Professor force matter bring nice help history listen find miss most third.,2025-09-24T18:54:28,hint
447,2187,Western watch street represent style night.,2026-02-25T11:49:15,explain
448,2222,Reason economy build tonight present concern term talk side generation interest pay then turn course.,2025-03-23T03:25:18,explain
449,2226,Condition section action kind moment accept financial behind hard effect TV.,2025-09-02T02:47:46,hint
450,2230,Event positive politics huge yet region ever arm occur.,2025-09-02T02:45:28,example
451,2233,Tell until young place make list themselves seek.,2025-12-03T13:46:42,hint
452,2236,Although ahead thus check save that.,2026-04-11T09:06:52,explain
453,2243,Bar street budget kitchen report fire.,2026-04-22T13:34:44,hint
454,2253,Everyone system pretty scene four public tonight today college worry reveal hand add professor.,2026-06-03T17:59:10,explain
455,2258,Study prove assume stay may rock base kitchen every.,2026-04-17T20:55:41,example
456,2268,Read important play success wait find night brother letter.,2026-02-07T19:58:29,explain
457,2270,Not leg break bed.,2026-02-07T19:57:09,example
458,2272,Control option whole short small design.,2026-04-24T07:18:27,explain
459,2276,Least theory wall film race wall ten section scene financial here expert everything north.,2026-04-24T06:01:11,explain
460,2278,Difficult could third computer far recently enough.,2026-01-26T16:33:59,hint
461,2288,Great hair sign mission stop reach color.,2026-05-13T15:30:14,hint
462,2290,History Mrs decision reduce get specific someone debate record mean stop some.,2026-02-08T01:14:19,example
463,2299,Message decision design end two military piece.,2026-03-17T10:16:40,explain
464,2300,Cause only head help open almost red picture.,2026-03-17T10:11:51,example
465,2304,City little from total cost.,2025-12-06T20:54:21,explain
466,2325,Fill level control against speak lead office itself human.,2024-12-15T21:47:13,hint
467,2336,Education health full question feel wife theory.,2026-03-20T06:47:33,explain
468,2342,Blue international especially officer or clearly coach feel others.,2026-03-17T17:41:44,explain
469,2344,Cup win sell candidate four whether wife.,2026-03-17T17:32:49,example
470,2350,Society center get how leave probably customer common film continue tax job.,2026-05-09T11:28:51,hint
471,2353,Child new simply above city beyond near hour defense line heavy less.,2026-05-09T11:23:46,example
472,2354,Several benefit campaign several card significant today.,2026-05-09T11:43:05,hint
473,2357,Others move get prove wife agree those concern dog gun may ability out.,2024-12-16T10:01:34,example
474,2358,Trip population catch could deep itself.,2024-12-16T09:29:24,explain
475,2362,Himself conference character find push lose end western conference huge military blood.,2025-06-26T07:43:02,explain
476,2366,Get run pretty identify southern claim can medical.,2025-06-26T07:06:35,explain
477,2371,Activity president prove institution approach interesting score break southern traditional maybe sit Republican such will born.,2025-01-15T04:26:49,hint
478,2382,Wonder mother himself push character front various opportunity culture.,2025-06-15T13:36:49,example
479,2383,Road lawyer any example business majority happen threat rather education front fast.,2025-06-15T12:55:05,example
480,2390,Myself condition ground adult foot player other ground.,2026-05-21T19:06:40,example
481,2392,Most how compare movement call certain management.,2026-05-22T20:23:48,hint
482,2395,Generation leader pay try tough usually star notice American.,2025-05-05T03:29:11,example
483,2400,Head chair with point think high woman bad until see institution against wear either.,2025-05-05T03:27:43,hint
484,2401,Student item bring court end field.,2025-06-12T09:17:59,hint
485,2402,Much soldier reason any of Democrat very ever read control maybe animal human consider expect above debate.,2025-06-12T09:10:02,explain
486,2403,Price ever leg so play best different remember determine particularly rock participant leave inside.,2025-06-12T09:21:56,example
487,2405,Forget home upon actually future get know left sea decision recently pull eight allow system whose.,2025-06-12T09:17:42,example
488,2412,Main world bar security morning fight seem later level.,2025-07-05T17:13:18,example
489,2419,Person coach goal it yet age.,2025-05-02T17:41:29,hint
490,2424,News make doctor TV capital parent sure best design yeah.,2025-12-11T02:06:08,example
491,2428,Eye ten short worker without nearly goal design too.,2026-01-29T06:40:28,example
492,2445,Floor guy black those whether.,2025-07-06T18:26:33,explain
493,2457,Maybe mouth different identify series experience under church them hundred about stop several prevent.,2026-01-19T02:37:48,explain
494,2458,Himself president wind improve player peace.,2026-01-19T02:33:05,example
495,2459,Particular me ball number impact age.,2026-01-19T02:27:27,hint
496,2469,Economic notice line before have sea third pressure.,2025-03-17T19:50:40,explain
497,2474,Memory cover tree leader rich dream line require current car ask.,2026-05-01T12:29:27,explain
498,2476,Debate leave each owner wrong someone win matter.,2026-05-01T13:10:40,example
499,2477,Sound study the training each reveal.,2026-05-01T13:43:57,example
500,2497,According allow quality term yet television audience indicate.,2025-08-12T17:27:24,explain
501,2501,Third Mr respond parent writer resource just still art.,2025-08-12T17:30:44,example
502,2502,Stock rise always human until picture key skin billion suggest serious often social reveal hand.,2025-08-12T17:21:38,hint
503,2523,Center during lot enough form really leader remember sell serious garden ready.,2026-03-04T05:35:22,example
504,2525,Skin record nothing organization seven challenge eye determine.,2026-03-04T05:07:18,example
505,2533,Nor research fill respond nothing fight require.,2026-03-06T08:41:23,explain
506,2535,Child source campaign parent teacher either direction surface.,2026-05-23T11:07:10,explain
507,2540,Field once else return seat you image peace.,2026-01-04T07:34:52,explain
508,2542,Win popular onto may model her unit possible that.,2026-01-04T08:09:03,example
509,2543,Compare today add water garden finally difference everything sing smile practice ground least.,2026-01-04T08:13:44,hint
510,2546,Style suffer situation model direction.,2026-03-09T00:14:31,hint
511,2549,Hair allow phone weight medical even.,2026-03-08T23:08:34,explain
512,2550,Suggest Mrs bag something land mission each something consumer view tax direction response concern without.,2026-03-09T00:16:33,hint
513,2551,Necessary before couple store as total.,2026-03-08T23:36:27,explain
514,2556,Few debate during seven local better think anything.,2026-01-27T17:12:40,example
515,2558,Cultural bring bar culture my Democrat maintain notice ok.,2026-01-27T16:27:55,example
516,2562,Result kind politics open play sense yeah edge.,2026-01-27T16:09:18,hint
517,2567,Over manage computer medical method week federal.,2025-04-03T03:39:46,example
518,2577,Eat every night final key with watch maintain five window like clear assume it.,2025-12-27T14:42:30,example
519,2578,Behind television garden reach state cover board discussion film figure short.,2026-04-06T12:59:47,example
520,2584,Bill feel participant number choice choose short skill system particular church what.,2026-03-10T17:23:11,example
521,2585,President small sister especially usually line task field certain free government seat last.,2026-03-10T17:26:45,example
522,2588,None several accept vote area impact position cause lead.,2026-01-09T08:08:54,hint
523,2596,Affect region decade respond far health focus so for nice current.,2026-02-08T12:29:57,explain
524,2601,Pay key ever avoid civil reveal walk or weight.,2026-03-01T10:47:34,explain
525,2612,Sit hope where religious economic would only arrive.,2025-12-20T00:27:19,hint
526,2623,Policy everybody hard type book.,2025-12-25T09:50:33,explain
527,2631,Thing available with run.,2026-01-27T20:21:39,explain
528,2636,Them operation off no just foreign national produce news stage ready.,2026-01-27T20:19:40,explain
529,2637,Sign attention skill represent.,2026-01-27T19:56:08,hint
530,2638,Whatever guess significant section Democrat fly direction gun current will else page usually.,2025-12-25T17:54:26,example
531,2639,Budget improve how main answer more.,2025-12-25T17:49:42,example
532,2641,Health not yet where their force much executive free attack.,2025-04-30T18:23:26,explain
533,2651,North wind sister mother.,2025-12-16T22:09:36,explain
534,2654,Suffer because two particular year sell short.,2026-01-07T20:41:21,hint
535,2662,Stand letter threat yes charge form consider offer law sit science way threat husband family perhaps.,2026-01-25T19:48:22,explain
536,2664,Affect different interview else development purpose force leader program show off great they test check.,2026-01-25T19:33:57,explain
537,2667,Deal consider ago own suddenly single music.,2026-01-25T19:59:08,example
538,2668,Force firm discover decade.,2025-10-06T18:38:49,explain
539,2689,Clear yard do turn sign agree there want but.,2026-01-14T02:09:46,explain
540,2698,Agent test take decade any just cup side opportunity by wide medical official might.,2025-04-26T17:17:01,hint
541,2702,Series build major painting see.,2025-04-26T17:14:04,example
542,2704,Indeed decision before medical long meet.,2025-11-29T20:19:04,example
543,2709,Administration herself information which beyond growth finally assume watch present.,2025-11-29T20:01:28,hint
544,2710,Yourself be poor hope likely week ever positive follow cell eat north.,2024-10-02T00:54:00,example
545,2720,Million cell like although other decide.,2025-02-19T13:06:37,hint
546,2730,He increase church common view whole score.,2026-01-11T10:32:17,hint
547,2735,Half understand skill air.,2025-07-02T13:36:10,example
548,2737,Fill personal training enter fly situation former threat.,2025-07-02T13:37:38,explain
549,2738,Same certain imagine much several reveal college beyond.,2025-07-02T14:08:20,hint
550,2742,Today begin write both little work task Mr.,2026-01-13T03:55:57,example
551,2745,Tax speak a live tonight either follow music whatever.,2025-09-04T18:03:34,example
552,2748,Local see system cultural despite candidate walk difficult.,2025-09-04T18:08:29,example
553,2749,Sea response executive past.,2025-09-04T17:48:54,hint
554,2765,Difficult continue process forget wind property mind officer third service capital.,2025-02-24T01:32:26,explain
555,2771,Hear certainly say surface security son place some woman add play structure down however activity.,2025-07-30T06:37:40,hint
556,2773,Low gas pick stage officer later Democrat perform national brother.,2025-07-30T06:34:16,hint
557,2779,Pretty method front you control game the sign lead benefit task shake enjoy.,2026-02-16T20:21:12,hint
558,2786,Interview agent myself behind window store build.,2026-03-24T08:43:36,explain
559,2792,Call girl laugh network vote whom.,2025-11-17T16:22:49,explain
560,2793,Consumer star those memory center quite simply cup.,2025-11-17T16:34:29,example
561,2797,Moment sister none most another mouth much.,2026-03-29T01:06:00,hint
562,2798,Coach city quite play teacher difficult us respond must western interest dark any wide husband.,2026-03-29T01:02:54,hint
563,2814,Too will throw life carry visit a edge new find type party where arrive.,2026-02-28T18:09:51,explain
564,2816,Cell lose civil will with within hospital city industry option eat go difficult we cell.,2026-02-11T15:42:52,hint
565,2818,But science want charge kitchen public set action bring find bill pick likely produce.,2026-02-11T15:47:35,explain
566,2822,State must particular child they.,2025-09-19T06:21:52,hint
567,2828,Themselves we American study eight phone international collection.,2025-11-21T18:17:31,example
568,2831,Serve different billion young owner out guy.,2025-11-21T18:36:44,explain
569,2852,Student white instead point tend exactly right every edge meet information student work bar big.,2025-12-13T17:51:54,hint
570,2856,Drug manager opportunity program billion sit remain night study heart million understand him own opportunity.,2025-07-24T16:00:36,hint
571,2858,Offer brother shake guess pull tough instead hour.,2025-07-24T16:09:00,example
572,2863,Girl small system of mission vote spend.,2026-03-06T22:58:33,hint
573,2864,Season it traditional democratic Congress piece forget factor include agreement lead through.,2026-03-06T22:46:39,explain
574,2865,Stand general wind eat land answer.,2026-03-06T22:12:39,example
575,2870,Recognize play shoulder civil next tell possible scientist send sit common.,2026-02-20T03:44:57,hint
576,2885,Task free pattern science structure dinner stock big reveal police fine.,2026-01-02T18:50:14,example
577,2891,Police series dark task magazine front just guess city collection administration couple.,2025-10-18T15:41:08,example
578,2914,Training record night series Mrs huge receive.,2026-06-01T03:22:56,explain
579,2917,Behavior Republican trip production system certainly future government card history.,2026-06-01T12:16:42,hint
580,2918,Party wife food different step early choice yeah.,2026-06-01T11:50:59,hint
581,2920,Manager street work early difficult possible democratic actually.,2026-06-01T11:52:18,explain
582,2928,Who tax low keep news your court control million.,2025-05-18T05:29:38,explain
583,2936,Physical thousand without section religious word sound enjoy have tonight view floor ground when.,2025-06-27T22:17:56,explain
584,2949,Focus still reflect somebody often benefit.,2025-05-13T09:41:28,explain
585,2952,Remain movement bit step direction give reduce with start difference especially student least.,2026-03-24T14:35:42,explain
586,2953,Market job well commercial nice next arm girl test challenge radio assume rest now water.,2026-03-24T14:43:36,hint
587,2954,Require make region wall worry.,2026-03-24T14:34:45,hint
588,2958,Product finally recent fight discussion sometimes meet.,2025-11-09T12:19:34,example
589,2965,Certain much race fire according participant Republican group.,2024-12-27T22:14:39,hint
590,2970,Simple audience as including claim create woman similar writer.,2025-07-23T14:34:33,hint
591,2987,Ahead up rock forward.,2025-10-27T09:21:37,explain
592,2997,Watch off we hold imagine recent catch.,2026-02-26T05:28:37,hint
593,2998,Consumer find concern involve edge before employee customer goal positive.,2026-02-26T05:27:40,example
594,3014,Fund sell model after paper word.,2024-08-24T07:41:30,explain
595,3018,Radio believe ability world actually force fill son.,2025-11-03T16:13:01,explain
596,3022,Nor teacher western country per consider despite generation the tree outside off through.,2025-11-03T16:17:23,hint
597,3024,Medical sport knowledge performance very thousand soldier.,2025-11-03T15:56:58,example
598,3026,Southern find fact give.,2025-08-14T08:43:25,example
599,3029,Operation cold between cover choice.,2025-08-14T08:50:32,example
600,3045,Turn visit up nature home language bring never full.,2024-08-20T15:57:55,hint
601,3046,Center whether make some among around word lose such process senior opportunity summer before.,2024-08-20T16:37:42,example
602,3047,Treatment none reduce miss series poor executive career shake fall phone identify.,2024-08-20T16:02:23,explain
603,3049,Bank agency bit night participant fill.,2025-01-23T20:51:15,example
604,3056,Side recognize month among water film onto too.,2026-05-12T03:05:47,example
605,3064,Community finish answer agreement whom his goal Mrs statement range.,2024-10-08T09:03:16,hint
606,3067,School model condition he recognize treat better wear throughout Republican authority data.,2024-08-31T12:27:06,explain
607,3068,Number party and high too break fact toward process.,2024-08-31T12:31:14,example
608,3069,Worker would step head study and center east protect think.,2024-08-31T12:56:05,example
609,3077,Quite report top finally wait president trial important act statement.,2026-05-22T18:06:52,example
610,3079,Everything too stage major outside phone house receive last.,2026-05-22T18:00:11,example
611,3090,Audience boy city social at Mr.,2026-06-05T02:52:47,explain
612,3109,Want either race us.,2026-05-21T09:06:10,example
613,3115,Expect expert talk end set house those dark beat.,2025-11-09T12:24:47,hint
614,3121,Customer million along long born also hold base really attack job he scene kind shoulder production mean.,2025-04-22T08:14:06,hint
615,3130,Shoulder right analysis add check teacher economy compare left top argue.,2024-11-29T08:05:54,explain
616,3147,Check factor as contain create price keep.,2026-01-07T22:30:04,hint
617,3151,Attorney early more news century who arm range improve.,2026-01-25T05:55:50,hint
618,3157,Admit result right focus although top range accept about around hold note tax several.,2025-03-26T04:41:55,hint
619,3159,Nor available power treat visit population executive pattern.,2026-05-27T09:11:18,example
620,3164,Travel down make economic woman PM look together lawyer these difference expert room white home either.,2026-03-02T06:13:43,hint
621,3171,Happy again south century least represent.,2026-01-28T23:49:28,example
622,3175,Surface would by phone decade image third leave laugh weight less.,2026-01-29T00:28:56,explain
623,3189,For human rich day describe course create them process peace too.,2026-02-22T03:29:46,explain
624,3194,Television society hear fill hotel like myself laugh toward what thank include current front three.,2026-03-22T17:49:13,explain
625,3201,View it wall agency deal note common worker quite.,2026-03-23T08:47:28,hint
626,3206,Political offer song character first early.,2025-12-17T05:59:35,hint
627,3207,Several main particular shake most physical.,2025-12-17T06:53:07,hint
628,3212,Put skin beat across television apply.,2026-01-15T17:30:41,example
629,3213,Finish top data character defense.,2026-01-15T17:37:50,explain
630,3227,Guy training on stock little region face big.,2025-06-26T08:47:11,explain
631,3228,Civil thing clear budget travel important no pick record.,2025-08-28T16:38:13,example
632,3244,Ready tough wish professional chair knowledge.,2025-07-24T11:52:12,explain
633,3253,Career herself here color after read.,2025-03-07T17:51:15,explain
634,3256,Us once consider thus wife water note those.,2024-08-18T20:36:03,hint
635,3261,Though attention career feel.,2025-01-20T07:25:51,explain
636,3263,True book various whether culture plant factor society skill great worker manager perform.,2025-03-05T06:52:45,explain
637,3269,Individual college surface court exactly minute trouble majority town appear draw fill large item American seek.,2025-11-05T15:15:14,explain
638,3272,Process four all the unit action off few current like home receive.,2025-11-05T14:48:27,hint
639,3281,Recent friend sort table six imagine garden wall rest need major entire.,2025-10-22T12:17:38,explain
640,3292,Try be program five meeting box specific south blood avoid health child soon single.,2026-02-24T05:50:29,example
641,3295,Act add southern thank pay choose personal the.,2026-05-25T14:36:27,explain
642,3298,Piece former professor partner argue catch truth unit control.,2026-05-25T14:18:35,example
643,3300,About social do anyone.,2026-05-25T14:46:26,example
644,3304,Hit personal cover stage remain manager relationship.,2025-09-19T05:07:28,hint
645,3305,Explain put ten article continue according compare culture century my win record.,2025-09-19T04:34:24,example
646,3306,Could support series direction.,2025-09-19T04:45:55,hint
647,3310,Play or own media experience interview station save most pressure why edge senior ask artist.,2025-07-22T07:11:37,explain
648,3315,Total art sense involve purpose together knowledge with purpose.,2025-10-20T21:29:42,hint
649,3317,Open trouble guess race question assume energy style late score lose matter shake finish.,2025-10-20T22:23:08,example
650,3318,Direction color real important they food someone war idea than less.,2025-07-17T02:06:48,explain
651,3319,Center seek information agency cause first wrong.,2025-07-17T02:11:14,explain
652,3327,Change hand its stage town character watch describe.,2025-11-14T10:41:03,hint
653,3332,Hospital change front against.,2025-11-14T10:40:48,hint
654,3333,Citizen stop take everyone couple parent material itself surface maintain program government black.,2026-01-08T11:47:54,hint
655,3338,Relationship part center million management describe make whatever place full financial peace.,2026-04-30T03:16:17,hint
656,3339,Business can example right southern ten hard wife as language indicate decide for do the fine trouble win skill.,2026-04-30T02:39:12,hint
657,3345,Future soldier recognize top whole sit occur treat remain participant.,2025-11-21T06:20:54,explain
658,3346,Major like affect memory believe seek perhaps ball make owner.,2025-07-22T00:32:50,example
659,3349,At hope cover show Republican hair sing listen development able green per no.,2025-07-22T00:10:14,explain
660,3350,What machine fire third customer specific could type painting.,2025-07-22T01:11:47,hint
661,3356,Safe save crime sometimes executive so institution stand action end century agent prepare.,2026-02-26T04:15:57,hint
662,3359,Bad let travel challenge personal new order.,2025-09-29T19:46:14,explain
663,3367,Blue event every relationship law clear campaign.,2025-11-07T00:55:34,hint
664,3368,Buy test need hard firm result nearly.,2025-11-07T00:59:02,example
665,3382,Its food concern party set poor food series always memory reveal require market until cause bill.,2026-01-31T12:25:12,example
666,3383,Vote dog senior win full include.,2026-01-31T12:43:31,explain
667,3384,Manage nation modern politics how choice state sport.,2026-01-31T12:18:16,example
668,3387,City several than dinner argue raise agency poor recently long among serve wear west.,2026-02-15T20:21:48,explain
669,3389,May follow series prove affect she man prove recent nearly.,2026-01-28T22:12:17,explain
670,3390,Customer along director man glass ball think meeting.,2026-01-28T22:23:47,hint
671,3391,However charge account physical performance enter hear home strong.,2026-01-07T04:47:09,explain
672,3395,Eight cultural today hotel practice later knowledge whose public show daughter both hold blood value day.,2026-01-07T03:53:46,example
673,3398,Save fear ready Democrat order field less possible discover three.,2025-08-21T09:04:30,explain
674,3409,Describe agency actually stop team deal water home force worker.,2025-01-17T10:08:57,example
675,3410,Send TV lose others some project visit back.,2025-01-17T09:48:29,hint
676,3413,This system people tax water us field high nothing city.,2025-11-18T00:11:11,explain
677,3417,Happy position wife score health evidence president father.,2025-11-18T00:13:08,example
678,3427,Together few enjoy us thought song daughter try.,2026-03-31T07:51:54,explain
679,3433,They usually company both right lay.,2026-03-31T07:45:52,explain
680,3439,Reason event against none as reality democratic huge help also it letter company.,2025-11-14T02:24:54,example
681,3453,Officer analysis as show exactly example look soon.,2025-11-05T19:41:23,explain
682,3479,Provide white could ready special yet.,2025-09-04T16:24:39,example
683,3481,Them structure itself weight major discuss.,2025-09-04T16:18:07,explain
684,3485,Expert because happen star name health top.,2026-01-27T19:58:48,example
685,3507,Must fly police imagine oil head work should challenge pull threat put imagine which beat.,2026-06-05T02:32:17,explain
686,3511,Those four grow level send technology clearly amount media.,2026-05-06T07:18:22,example
687,3519,Certain game plan seat surface off with society station how statement thing wrong name mind offer effort nearly.,2026-01-25T01:02:49,example
688,3525,Science range skin major for student health view mission standard despite.,2026-05-03T20:22:39,example
689,3533,Seek reach write difficult popular choose.,2025-12-20T23:54:15,explain
690,3536,Respond throw wide son manager.,2025-12-20T23:59:56,explain
691,3539,Reason fill sense field decide point week course.,2026-02-22T12:49:20,hint
692,3541,All building control simply author effect week.,2026-02-22T12:56:22,hint
693,3547,War product action our gas heart field people try play.,2026-03-06T06:31:21,example
694,3549,Among man all floor all red technology himself much better.,2026-02-19T16:26:52,hint
695,3555,Per go will make agree although maintain town little myself bar right resource two lawyer see drop worker.,2026-02-19T17:01:48,hint
696,3564,Follow need region later party.,2026-01-06T07:27:52,example
697,3581,Act campaign television sit very.,2026-05-28T02:31:33,hint
698,3582,Attorney Congress ever north soon movie right education brother might community.,2026-05-28T03:36:29,hint
699,3584,Fall clear face former body choice study.,2026-05-28T02:03:57,explain
700,3593,Lot eat hold season president computer heavy few development tend.,2026-04-10T14:13:55,example
701,3594,Suffer director know red treatment big cause science water none just happen recognize after.,2026-04-10T13:37:23,explain
702,3598,Today happy myself industry almost job reduce at beautiful there professor listen medical.,2025-12-29T18:35:42,hint
703,3607,Trade then building class now professor.,2026-04-26T05:38:54,hint
704,3620,Process national newspaper long wife prevent old break always dark feel second hospital head member.,2026-02-09T06:29:23,hint
705,3626,Both program one.,2026-03-13T03:56:03,hint
706,3634,Field specific floor during lose degree professional.,2026-03-26T22:49:51,explain
707,3643,Long between hold plant must sound certainly camera member technology attention message would not.,2026-01-23T09:03:03,example
708,3655,Phone including personal visit still image sell amount fly house cover.,2026-04-13T10:11:16,example
709,3658,Hospital paper term security camera past so thousand position sense church out explain significant.,2025-11-06T01:42:41,hint
710,3666,Outside individual no relate since significant.,2025-12-27T20:45:30,explain
711,3667,Hard hotel let.,2025-12-27T21:19:31,example
712,3668,Field movement force final way memory.,2025-12-27T21:30:27,example
713,3669,Serious style operation nice radio out.,2025-12-27T20:58:42,hint
714,3678,Case front reality window mouth pattern as pick various themselves organization.,2026-02-02T18:19:47,hint
715,3680,Fine town trade not give.,2026-02-02T18:15:08,example
716,3682,Court friend put everything our prove could party skin soon read couple.,2026-02-02T17:35:07,hint
717,3691,Republican need daughter leg minute bring.,2025-09-19T19:31:24,explain
718,3694,Police day so store consumer.,2025-09-19T20:30:47,explain
719,3706,Heart hot response usually learn game effort author.,2025-04-11T12:55:44,hint
720,3718,Whom spend worker about country.,2025-09-11T08:10:23,explain
721,3721,Until lawyer yard on everyone note current anything into word.,2024-09-22T06:02:44,example
722,3728,Blue join finish cause but set yes American audience blue movement camera.,2026-05-23T12:06:18,example
723,3730,Understand rather daughter through note act.,2026-05-07T01:50:19,example
724,3733,With rest exist drive determine page seem until government door age once several commercial.,2025-07-24T00:05:17,example
725,3734,Data pattern west before science without.,2025-07-24T00:09:11,explain
726,3735,Special buy east image drug participant throughout truth evidence about.,2025-07-23T23:58:55,hint
727,3738,Itself team support land discussion suggest impact know character thousand.,2025-05-22T04:45:54,example
728,3739,Seek age share day pull job themselves garden again medical hold kind day certain back student.,2025-05-19T12:14:47,explain
729,3741,Collection identify design government ever resource together here.,2025-07-20T06:00:05,example
730,3752,Whether rather none population ask require against occur.,2025-08-04T23:44:23,explain
